{
  "nome_distrito": "Distrito 1 - Área Residencial",
  "pessoas": [
    {
      "id": "PESSOA_0001",
      "nome": "Odin",
      "profissao": "médico",
      "lembrancas": [
        "viu o Marco Zero",
        "treinou com Corvo de Odin"
      ],
      "relacionamentos": {
        "Corvo": "amigo",
        "EternaMente": "aliado"
      }
    }
  ],
  "locais": [
    {
      "id": "LOC_001",
      "nome": "Bunker de Refúgio D1",
      "tipo": "Bunker",
      "coordenadas": {
        "x": 100,
        "y": 120,
        "z": 10
      }
    }
  ]
}